collection_id,entry_id,quantity,ownership_status,owner_name,card_name,set_code,set_name,collector_number,scryfall_id,finish,condition,language,location,source,source_row,match_key,match_strategy,review_status,review_notes,linked_set_code,linked_card_id,linked_variant_id,preview_art_source,purchase_price,purchase_currency,purchase_date,estimated_market_price,estimated_market_currency,market_price_source,market_price_updated_at,tags,notes,starred,flagged,altered,misprint,proxy,homebrew,marked_for_deletion
flagged,flagged-signs-of-assassins-arno-dorian-acr-139,2,owned,Kyle,Arno Dorian,ACR,Assassin's Creed,139,60a97041-4c09-46f2-b979-e4f63c676fb4,nonfoil,near_mint,en,,manabox,"{""source"":""manabox"",""row"":{""Name"":""Arno Dorian"",""Set code"":""ACR"",""Set name"":""Assassin's Creed"",""Collector number"":""139"",""Foil"":""normal"",""Rarity"":""uncommon"",""Quantity"":""2"",""ManaBox ID"":""95385"",""Scryfall ID"":""60a97041-4c09-46f2-b979-e4f63c676fb4"",""Purchase price"":""0.15"",""Misprint"":""false"",""Altered"":""false"",""Condition"":""near_mint"",""Language"":""en"",""Purchase price currency"":""USD"",""Added"":""2026-06-07T19:09:42.827Z""},""enrichment"":{""object"":""card"",""id"":""60a97041-4c09-46f2-b979-e4f63c676fb4"",""oracle_id"":""ae90daea-6644-4235-bca6-b94ee9925f63"",""multiverse_ids"":[668165],""mtgo_id"":127668,""tcgplayer_id"":555933,""cardmarket_id"":775708,""name"":""Arno Dorian"",""lang"":""en"",""released_at"":""2024-07-05"",""uri"":""https://api.scryfall.com/cards/60a97041-4c09-46f2-b979-e4f63c676fb4"",""scryfall_uri"":""https://scryfall.com/card/acr/139/arno-dorian?utm_source=api"",""layout"":""normal"",""highres_image"":true,""image_status"":""highres_scan"",""image_uris"":{""small"":""https://cards.scryfall.io/small/front/6/0/60a97041-4c09-46f2-b979-e4f63c676fb4.jpg?1721424824"",""normal"":""https://cards.scryfall.io/normal/front/6/0/60a97041-4c09-46f2-b979-e4f63c676fb4.jpg?1721424824"",""large"":""https://cards.scryfall.io/large/front/6/0/60a97041-4c09-46f2-b979-e4f63c676fb4.jpg?1721424824"",""png"":""https://cards.scryfall.io/png/front/6/0/60a97041-4c09-46f2-b979-e4f63c676fb4.png?1721424824"",""art_crop"":""https://cards.scryfall.io/art_crop/front/6/0/60a97041-4c09-46f2-b979-e4f63c676fb4.jpg?1721424824"",""border_crop"":""https://cards.scryfall.io/border_crop/front/6/0/60a97041-4c09-46f2-b979-e4f63c676fb4.jpg?1721424824""},""mana_cost"":""{2}{B}{R}"",""cmc"":4,""type_line"":""Legendary Creature — Human Assassin"",""oracle_text"":""Deathtouch
Other Assassins you control get +2/+0.
Disguise {B}{R} (You may cast this card face down for {3} as a 2/2 creature with ward {2}. Turn it face up any time for its disguise cost.)"",""power"":""3"",""toughness"":""3"",""colors"":[""B"",""R""],""color_identity"":[""B"",""R""],""keywords"":[""Disguise"",""Deathtouch""],""all_parts"":[{""object"":""related_card"",""id"":""c76a6163-6fd9-4cdf-9b14-07f75c2f0fa1"",""component"":""combo_piece"",""name"":""A Mysterious Creature"",""type_line"":""Creature"",""uri"":""https://api.scryfall.com/cards/c76a6163-6fd9-4cdf-9b14-07f75c2f0fa1""},{""object"":""related_card"",""id"":""b11bdd4a-861c-4df4-a34b-f1a49a8e74fa"",""component"":""combo_piece"",""name"":""Arno Dorian"",""type_line"":""Legendary Creature — Human Assassin"",""uri"":""https://api.scryfall.com/cards/b11bdd4a-861c-4df4-a34b-f1a49a8e74fa""}],""legalities"":{""standard"":""not_legal"",""future"":""not_legal"",""historic"":""not_legal"",""timeless"":""not_legal"",""gladiator"":""not_legal"",""pioneer"":""not_legal"",""modern"":""legal"",""legacy"":""legal"",""pauper"":""not_legal"",""vintage"":""legal"",""penny"":""not_legal"",""commander"":""legal"",""oathbreaker"":""legal"",""standardbrawl"":""not_legal"",""brawl"":""not_legal"",""alchemy"":""not_legal"",""paupercommander"":""not_legal"",""duel"":""legal"",""oldschool"":""not_legal"",""premodern"":""not_legal"",""predh"":""not_legal"",""tlr"":""not_legal""},""games"":[""paper"",""mtgo""],""reserved"":false,""game_changer"":false,""foil"":true,""nonfoil"":true,""finishes"":[""nonfoil"",""foil""],""oversized"":false,""promo"":false,""reprint"":false,""variation"":false,""set_id"":""54b67b0b-cd3f-4e0d-ac25-fef5d966409b"",""set"":""acr"",""set_name"":""Assassin's Creed"",""set_type"":""draft_innovation"",""set_uri"":""https://api.scryfall.com/sets/54b67b0b-cd3f-4e0d-ac25-fef5d966409b"",""set_search_uri"":""https://api.scryfall.com/cards/search?order=set&q=e%3Aacr&unique=prints"",""scryfall_set_uri"":""https://scryfall.com/sets/acr?utm_source=api"",""rulings_uri"":""https://api.scryfall.com/cards/60a97041-4c09-46f2-b979-e4f63c676fb4/rulings"",""prints_search_uri"":""https://api.scryfall.com/cards/search?order=released&q=oracleid%3Aae90daea-6644-4235-bca6-b94ee9925f63&unique=prints"",""collector_number"":""139"",""digital"":false,""rarity"":""uncommon"",""card_back_id"":""0aeebaf5-8c7d-4636-9e82-8c27447861f7"",""artist"":""Andreia Ugrai"",""artist_ids"":[""f72c1593-751b-45a4-ba65-205509b81b93""],""illustration_id"":""2159d79f-41d9-4aac-b341-50604ad105b1"",""border_color"":""borderless"",""frame"":""2015"",""frame_effects"":[""showcase"",""legendary""],""security_stamp"":""triangle"",""full_art"":false,""textless"":false,""booster"":false,""story_spotlight"":false,""promo_types"":[""universesbeyond"",""boosterfun""],""edhrec_rank"":5725,""prices"":{""usd"":""0.15"",""usd_foil"":""0.28"",""usd_etched"":null,""eur"":""0.08"",""eur_foil"":""0.18"",""tix"":""0.04""},""related_uris"":{""gatherer"":""https://gatherer.wizards.com/Pages/Card/Details.aspx?multiverseid=668165&printed=false"",""tcgplayer_infinite_articles"":""https://partner.tcgplayer.com/c/4931599/1830156/21018?subId1=api&trafcat=tcgplayer.com%2Fsearch%2Farticles&u=https%3A%2F%2Fwww.tcgplayer.com%2Fsearch%2Farticles%3FproductLineName%3Dmagic%26q%3DArno%2BDorian"",""tcgplayer_infinite_decks"":""https://partner.tcgplayer.com/c/4931599/1830156/21018?subId1=api&trafcat=tcgplayer.com%2Fsearch%2Fdecks&u=https%3A%2F%2Fwww.tcgplayer.com%2Fsearch%2Fdecks%3FproductLineName%3Dmagic%26q%3DArno%2BDorian"",""edhrec"":""https://edhrec.com/route/?cc=Arno+Dorian""},""purchase_uris"":{""tcgplayer"":""https://partner.tcgplayer.com/c/4931599/1830156/21018?subId1=api&u=https%3A%2F%2Fwww.tcgplayer.com%2Fproduct%2F555933%3Fpage%3D1"",""cardmarket"":""https://www.cardmarket.com/en/Magic/Products?idProduct=775708&referrer=scryfall&utm_campaign=card_prices&utm_medium=text&utm_source=scryfall"",""cardhoarder"":""https://www.cardhoarder.com/cards/127668?affiliate_id=scryfall&ref=card-profile&utm_campaign=affiliate&utm_medium=card&utm_source=scryfall""}}}",60a97041-4c09-46f2-b979-e4f63c676fb4,scryfall_id,needs_review,Duplicate name review: Arno Dorian appears as 2 owned copies/prints in batch-001. Commander variants should use only one nonbasic copy; the binder preserves every owned print. Flagged by the Signs of Assassins import for duplicate-name or color-identity review.,,,,scryfall,0.15,,,0.28,USD,scryfall,2026-06-08T03:26:22.014Z,batch-001;assassin;commander;mardu;manabox;signs-of-assassins;protection;duplicate-name-review;flagged;review-queue,"Signs of Assassins roles: assassin, protection.",,true,,,,,
flagged,flagged-signs-of-assassins-bountiful-landscape-tdc-342,1,owned,Kyle,Bountiful Landscape,TDC,Tarkir: Dragonstorm Commander,342,f1c99617-6e38-4af7-a064-6db9a5e2cc6a,nonfoil,near_mint,en,,manabox,"{""source"":""manabox"",""row"":{""Name"":""Bountiful Landscape"",""Set code"":""TDC"",""Set name"":""Tarkir: Dragonstorm Commander"",""Collector number"":""342"",""Foil"":""normal"",""Rarity"":""common"",""Quantity"":""1"",""ManaBox ID"":""105048"",""Scryfall ID"":""f1c99617-6e38-4af7-a064-6db9a5e2cc6a"",""Purchase price"":""0.21"",""Misprint"":""false"",""Altered"":""false"",""Condition"":""near_mint"",""Language"":""en"",""Purchase price currency"":""USD"",""Added"":""2026-06-07T19:09:42.899Z""},""enrichment"":{""object"":""card"",""id"":""f1c99617-6e38-4af7-a064-6db9a5e2cc6a"",""oracle_id"":""2eb69a8f-9456-4852-b868-85ae609d3441"",""multiverse_ids"":[696498],""mtgo_id"":138625,""tcgplayer_id"":624971,""cardmarket_id"":819328,""name"":""Bountiful Landscape"",""lang"":""en"",""released_at"":""2025-04-11"",""uri"":""https://api.scryfall.com/cards/f1c99617-6e38-4af7-a064-6db9a5e2cc6a"",""scryfall_uri"":""https://scryfall.com/card/tdc/342/bountiful-landscape?utm_source=api"",""layout"":""normal"",""highres_image"":false,""image_status"":""lowres"",""image_uris"":{""small"":""https://cards.scryfall.io/small/front/f/1/f1c99617-6e38-4af7-a064-6db9a5e2cc6a.jpg?1743207443"",""normal"":""https://cards.scryfall.io/normal/front/f/1/f1c99617-6e38-4af7-a064-6db9a5e2cc6a.jpg?1743207443"",""large"":""https://cards.scryfall.io/large/front/f/1/f1c99617-6e38-4af7-a064-6db9a5e2cc6a.jpg?1743207443"",""png"":""https://cards.scryfall.io/png/front/f/1/f1c99617-6e38-4af7-a064-6db9a5e2cc6a.png?1743207443"",""art_crop"":""https://cards.scryfall.io/art_crop/front/f/1/f1c99617-6e38-4af7-a064-6db9a5e2cc6a.jpg?1743207443"",""border_crop"":""https://cards.scryfall.io/border_crop/front/f/1/f1c99617-6e38-4af7-a064-6db9a5e2cc6a.jpg?1743207443""},""mana_cost"":"""",""cmc"":0,""type_line"":""Land"",""oracle_text"":""{T}: Add {C}.
{T}, Sacrifice this land: Search your library for a basic Forest, Island, or Mountain card, put it onto the battlefield tapped, then shuffle.
Cycling {G}{U}{R} ({G}{U}{R}, Discard this card: Draw a card.)"",""colors"":[],""color_identity"":[""G"",""R"",""U""],""keywords"":[""Cycling""],""produced_mana"":[""C""],""legalities"":{""standard"":""not_legal"",""future"":""not_legal"",""historic"":""legal"",""timeless"":""legal"",""gladiator"":""legal"",""pioneer"":""not_legal"",""modern"":""legal"",""legacy"":""legal"",""pauper"":""legal"",""vintage"":""legal"",""penny"":""not_legal"",""commander"":""legal"",""oathbreaker"":""legal"",""standardbrawl"":""not_legal"",""brawl"":""legal"",""alchemy"":""not_legal"",""paupercommander"":""legal"",""duel"":""legal"",""oldschool"":""not_legal"",""premodern"":""not_legal"",""predh"":""not_legal"",""tlr"":""legal""},""games"":[""paper"",""mtgo""],""reserved"":false,""game_changer"":false,""foil"":false,""nonfoil"":true,""finishes"":[""nonfoil""],""oversized"":false,""promo"":false,""reprint"":true,""variation"":false,""set_id"":""bca9779c-0a0b-4ac1-8794-f3fc25549cf4"",""set"":""tdc"",""set_name"":""Tarkir: Dragonstorm Commander"",""set_type"":""commander"",""set_uri"":""https://api.scryfall.com/sets/bca9779c-0a0b-4ac1-8794-f3fc25549cf4"",""set_search_uri"":""https://api.scryfall.com/cards/search?order=set&q=e%3Atdc&unique=prints"",""scryfall_set_uri"":""https://scryfall.com/sets/tdc?utm_source=api"",""rulings_uri"":""https://api.scryfall.com/cards/f1c99617-6e38-4af7-a064-6db9a5e2cc6a/rulings"",""prints_search_uri"":""https://api.scryfall.com/cards/search?order=released&q=oracleid%3A2eb69a8f-9456-4852-b868-85ae609d3441&unique=prints"",""collector_number"":""342"",""digital"":false,""rarity"":""common"",""card_back_id"":""0aeebaf5-8c7d-4636-9e82-8c27447861f7"",""artist"":""Mark Poole"",""artist_ids"":[""bfdeaf09-f915-4058-8e8b-bcac3bc43c33""],""illustration_id"":""42631370-b723-4065-ab89-1d8b2aafe666"",""border_color"":""black"",""frame"":""2015"",""full_art"":false,""textless"":false,""booster"":false,""story_spotlight"":false,""edhrec_rank"":1617,""prices"":{""usd"":""0.21"",""usd_foil"":null,""usd_etched"":null,""eur"":""0.24"",""eur_foil"":null,""tix"":""0.76""},""related_uris"":{""gatherer"":""https://gatherer.wizards.com/Pages/Card/Details.aspx?multiverseid=696498&printed=false"",""tcgplayer_infinite_articles"":""https://partner.tcgplayer.com/c/4931599/1830156/21018?subId1=api&trafcat=tcgplayer.com%2Fsearch%2Farticles&u=https%3A%2F%2Fwww.tcgplayer.com%2Fsearch%2Farticles%3FproductLineName%3Dmagic%26q%3DBountiful%2BLandscape"",""tcgplayer_infinite_decks"":""https://partner.tcgplayer.com/c/4931599/1830156/21018?subId1=api&trafcat=tcgplayer.com%2Fsearch%2Fdecks&u=https%3A%2F%2Fwww.tcgplayer.com%2Fsearch%2Fdecks%3FproductLineName%3Dmagic%26q%3DBountiful%2BLandscape"",""edhrec"":""https://edhrec.com/route/?cc=Bountiful+Landscape""},""purchase_uris"":{""tcgplayer"":""https://partner.tcgplayer.com/c/4931599/1830156/21018?subId1=api&u=https%3A%2F%2Fwww.tcgplayer.com%2Fproduct%2F624971%3Fpage%3D1"",""cardmarket"":""https://www.cardmarket.com/en/Magic/Products?idProduct=819328&referrer=scryfall&utm_campaign=card_prices&utm_medium=text&utm_source=scryfall"",""cardhoarder"":""https://www.cardhoarder.com/cards/138625?affiliate_id=scryfall&ref=card-profile&utm_campaign=affiliate&utm_medium=card&utm_source=scryfall""}}}",f1c99617-6e38-4af7-a064-6db9a5e2cc6a,scryfall_id,needs_review,"Color identity review: outside Altaïr's BRW Commander identity, so this card stays in the binder and is excluded from active variants. Flagged by the Signs of Assassins import for duplicate-name or color-identity review.",,,,scryfall,0.21,,,0,USD,scryfall,2026-06-08T03:26:22.014Z,batch-001;assassin;commander;mardu;manabox;signs-of-assassins;land;graveyard;ramp;draw;tutor;off-color-review;flagged;review-queue,"Signs of Assassins roles: land, graveyard, ramp, draw, tutor.",,true,,,,,
flagged,flagged-signs-of-assassins-chishiro-the-shattered-blade-nec-1,1,owned,Kyle,"Chishiro, the Shattered Blade",NEC,Neon Dynasty Commander,1,bffa36ac-137d-481c-b1b7-76a88ef15d54,nonfoil,near_mint,en,,manabox,"{""source"":""manabox"",""row"":{""Name"":""Chishiro, the Shattered Blade"",""Set code"":""NEC"",""Set name"":""Neon Dynasty Commander"",""Collector number"":""1"",""Foil"":""normal"",""Rarity"":""mythic"",""Quantity"":""1"",""ManaBox ID"":""66444"",""Scryfall ID"":""bffa36ac-137d-481c-b1b7-76a88ef15d54"",""Purchase price"":""1.07"",""Misprint"":""false"",""Altered"":""false"",""Condition"":""near_mint"",""Language"":""en"",""Purchase price currency"":""USD"",""Added"":""2026-06-07T19:09:42.921Z""},""enrichment"":{""object"":""card"",""id"":""bffa36ac-137d-481c-b1b7-76a88ef15d54"",""oracle_id"":""c98a4af3-3e58-4927-9a60-d2664cf0b139"",""multiverse_ids"":[553668],""tcgplayer_id"":262827,""cardmarket_id"":608623,""name"":""Chishiro, the Shattered Blade"",""lang"":""en"",""released_at"":""2022-02-18"",""uri"":""https://api.scryfall.com/cards/bffa36ac-137d-481c-b1b7-76a88ef15d54"",""scryfall_uri"":""https://scryfall.com/card/nec/1/chishiro-the-shattered-blade?utm_source=api"",""layout"":""normal"",""highres_image"":true,""image_status"":""highres_scan"",""image_uris"":{""small"":""https://cards.scryfall.io/small/front/b/f/bffa36ac-137d-481c-b1b7-76a88ef15d54.jpg?1651655118"",""normal"":""https://cards.scryfall.io/normal/front/b/f/bffa36ac-137d-481c-b1b7-76a88ef15d54.jpg?1651655118"",""large"":""https://cards.scryfall.io/large/front/b/f/bffa36ac-137d-481c-b1b7-76a88ef15d54.jpg?1651655118"",""png"":""https://cards.scryfall.io/png/front/b/f/bffa36ac-137d-481c-b1b7-76a88ef15d54.png?1651655118"",""art_crop"":""https://cards.scryfall.io/art_crop/front/b/f/bffa36ac-137d-481c-b1b7-76a88ef15d54.jpg?1651655118"",""border_crop"":""https://cards.scryfall.io/border_crop/front/b/f/bffa36ac-137d-481c-b1b7-76a88ef15d54.jpg?1651655118""},""mana_cost"":""{2}{R}{G}"",""cmc"":4,""type_line"":""Legendary Creature — Snake Samurai"",""oracle_text"":""Whenever an Aura or Equipment you control enters, create a 2/2 red Spirit creature token with menace.
At the beginning of your end step, put a +1/+1 counter on each modified creature you control. (Equipment, Auras you control, and counters are modifications.)"",""power"":""4"",""toughness"":""4"",""colors"":[""G"",""R""],""color_identity"":[""G"",""R""],""keywords"":[],""all_parts"":[{""object"":""related_card"",""id"":""c20e427c-efa5-476c-aa33-e3149648d207"",""component"":""token"",""name"":""Spirit"",""type_line"":""Token Creature — Spirit"",""uri"":""https://api.scryfall.com/cards/c20e427c-efa5-476c-aa33-e3149648d207""},{""object"":""related_card"",""id"":""3305c70f-188a-4c01-b605-d583ded84e18"",""component"":""combo_piece"",""name"":""Chishiro, the Shattered Blade"",""type_line"":""Legendary Creature — Snake Samurai"",""uri"":""https://api.scryfall.com/cards/3305c70f-188a-4c01-b605-d583ded84e18""}],""legalities"":{""standard"":""not_legal"",""future"":""not_legal"",""historic"":""not_legal"",""timeless"":""not_legal"",""gladiator"":""not_legal"",""pioneer"":""not_legal"",""modern"":""not_legal"",""legacy"":""legal"",""pauper"":""not_legal"",""vintage"":""legal"",""penny"":""not_legal"",""commander"":""legal"",""oathbreaker"":""legal"",""standardbrawl"":""not_legal"",""brawl"":""not_legal"",""alchemy"":""not_legal"",""paupercommander"":""not_legal"",""duel"":""legal"",""oldschool"":""not_legal"",""premodern"":""not_legal"",""predh"":""not_legal"",""tlr"":""not_legal""},""games"":[""paper""],""reserved"":false,""game_changer"":false,""foil"":true,""nonfoil"":true,""finishes"":[""nonfoil"",""foil""],""oversized"":false,""promo"":false,""reprint"":false,""variation"":false,""set_id"":""5b4d929d-bdf9-4bbf-858e-e248f53325ad"",""set"":""nec"",""set_name"":""Neon Dynasty Commander"",""set_type"":""commander"",""set_uri"":""https://api.scryfall.com/sets/5b4d929d-bdf9-4bbf-858e-e248f53325ad"",""set_search_uri"":""https://api.scryfall.com/cards/search?order=set&q=e%3Anec&unique=prints"",""scryfall_set_uri"":""https://scryfall.com/sets/nec?utm_source=api"",""rulings_uri"":""https://api.scryfall.com/cards/bffa36ac-137d-481c-b1b7-76a88ef15d54/rulings"",""prints_search_uri"":""https://api.scryfall.com/cards/search?order=released&q=oracleid%3Ac98a4af3-3e58-4927-9a60-d2664cf0b139&unique=prints"",""collector_number"":""1"",""digital"":false,""rarity"":""mythic"",""card_back_id"":""0aeebaf5-8c7d-4636-9e82-8c27447861f7"",""artist"":""Lius Lasahido"",""artist_ids"":[""0a0e9093-ce44-4a69-93a7-09b63e7c330d""],""illustration_id"":""fd3e10d0-ee05-461a-ae58-0b84fc7b9ffb"",""border_color"":""black"",""frame"":""2015"",""frame_effects"":[""legendary""],""security_stamp"":""oval"",""full_art"":false,""textless"":false,""booster"":false,""story_spotlight"":false,""edhrec_rank"":5605,""preview"":{""source"":""Wizards of the Coast"",""source_uri"":""https://www.twitch.tv/videos/1277767538"",""previewed_at"":""2022-01-27""},""prices"":{""usd"":""1.07"",""usd_foil"":""0.70"",""usd_etched"":null,""eur"":""0.40"",""eur_foil"":""0.41"",""tix"":null},""related_uris"":{""gatherer"":""https://gatherer.wizards.com/Pages/Card/Details.aspx?multiverseid=553668&printed=false"",""tcgplayer_infinite_articles"":""https://partner.tcgplayer.com/c/4931599/1830156/21018?subId1=api&trafcat=tcgplayer.com%2Fsearch%2Farticles&u=https%3A%2F%2Fwww.tcgplayer.com%2Fsearch%2Farticles%3FproductLineName%3Dmagic%26q%3DChishiro%252C%2Bthe%2BShattered%2BBlade"",""tcgplayer_infinite_decks"":""https://partner.tcgplayer.com/c/4931599/1830156/21018?subId1=api&trafcat=tcgplayer.com%2Fsearch%2Fdecks&u=https%3A%2F%2Fwww.tcgplayer.com%2Fsearch%2Fdecks%3FproductLineName%3Dmagic%26q%3DChishiro%252C%2Bthe%2BShattered%2BBlade"",""edhrec"":""https://edhrec.com/route/?cc=Chishiro%2C+the+Shattered+Blade""},""purchase_uris"":{""tcgplayer"":""https://partner.tcgplayer.com/c/4931599/1830156/21018?subId1=api&u=https%3A%2F%2Fwww.tcgplayer.com%2Fproduct%2F262827%3Fpage%3D1"",""cardmarket"":""https://www.cardmarket.com/en/Magic/Products?idProduct=608623&referrer=scryfall&utm_campaign=card_prices&utm_medium=text&utm_source=scryfall"",""cardhoarder"":""https://www.cardhoarder.com/cards?affiliate_id=scryfall&data%5Bsearch%5D=Chishiro%2C+the+Shattered+Blade&ref=card-profile&utm_campaign=affiliate&utm_medium=card&utm_source=scryfall""}}}",bffa36ac-137d-481c-b1b7-76a88ef15d54,scryfall_id,needs_review,"Color identity review: outside Altaïr's BRW Commander identity, so this card stays in the binder and is excluded from active variants. Flagged by the Signs of Assassins import for duplicate-name or color-identity review.",,,,scryfall,1.07,,,0.7,USD,scryfall,2026-06-08T03:26:22.014Z,batch-001;assassin;commander;mardu;manabox;signs-of-assassins;equipment;evasion;token;finisher;off-color-review;flagged;review-queue,"Signs of Assassins roles: equipment, evasion, token, finisher.",,true,,,,,
flagged,flagged-signs-of-assassins-eivor-wolf-kissed-acr-54,1,owned,Kyle,"Eivor, Wolf-Kissed",ACR,Assassin's Creed,54,88667198-3bec-413c-b41e-de96abc8db7b,nonfoil,near_mint,en,,manabox,"{""source"":""manabox"",""row"":{""Name"":""Eivor, Wolf-Kissed"",""Set code"":""ACR"",""Set name"":""Assassin's Creed"",""Collector number"":""54"",""Foil"":""normal"",""Rarity"":""mythic"",""Quantity"":""1"",""ManaBox ID"":""95424"",""Scryfall ID"":""88667198-3bec-413c-b41e-de96abc8db7b"",""Purchase price"":""0.85"",""Misprint"":""false"",""Altered"":""false"",""Condition"":""near_mint"",""Language"":""en"",""Purchase price currency"":""USD"",""Added"":""2026-06-07T19:09:42.915Z""},""enrichment"":{""object"":""card"",""id"":""88667198-3bec-413c-b41e-de96abc8db7b"",""oracle_id"":""cb8289e9-1e59-41f1-a994-6e34d2da2da2"",""multiverse_ids"":[667644],""mtgo_id"":128074,""tcgplayer_id"":555866,""cardmarket_id"":774635,""name"":""Eivor, Wolf-Kissed"",""lang"":""en"",""released_at"":""2024-07-05"",""uri"":""https://api.scryfall.com/cards/88667198-3bec-413c-b41e-de96abc8db7b"",""scryfall_uri"":""https://scryfall.com/card/acr/54/eivor-wolf-kissed?utm_source=api"",""layout"":""normal"",""highres_image"":true,""image_status"":""highres_scan"",""image_uris"":{""small"":""https://cards.scryfall.io/small/front/8/8/88667198-3bec-413c-b41e-de96abc8db7b.jpg?1721423992"",""normal"":""https://cards.scryfall.io/normal/front/8/8/88667198-3bec-413c-b41e-de96abc8db7b.jpg?1721423992"",""large"":""https://cards.scryfall.io/large/front/8/8/88667198-3bec-413c-b41e-de96abc8db7b.jpg?1721423992"",""png"":""https://cards.scryfall.io/png/front/8/8/88667198-3bec-413c-b41e-de96abc8db7b.png?1721423992"",""art_crop"":""https://cards.scryfall.io/art_crop/front/8/8/88667198-3bec-413c-b41e-de96abc8db7b.jpg?1721423992"",""border_crop"":""https://cards.scryfall.io/border_crop/front/8/8/88667198-3bec-413c-b41e-de96abc8db7b.jpg?1721423992""},""mana_cost"":""{3}{R}{G}{W}"",""cmc"":6,""type_line"":""Legendary Creature — Human Assassin Warrior"",""oracle_text"":""Trample, haste
Whenever Eivor deals combat damage to a player, you mill that many cards. You may put a Saga card and/or a land card from among them onto the battlefield."",""power"":""7"",""toughness"":""6"",""colors"":[""G"",""R"",""W""],""color_identity"":[""G"",""R"",""W""],""keywords"":[""Haste"",""Trample"",""Mill""],""legalities"":{""standard"":""not_legal"",""future"":""not_legal"",""historic"":""not_legal"",""timeless"":""not_legal"",""gladiator"":""not_legal"",""pioneer"":""not_legal"",""modern"":""legal"",""legacy"":""legal"",""pauper"":""not_legal"",""vintage"":""legal"",""penny"":""legal"",""commander"":""legal"",""oathbreaker"":""legal"",""standardbrawl"":""not_legal"",""brawl"":""not_legal"",""alchemy"":""not_legal"",""paupercommander"":""not_legal"",""duel"":""legal"",""oldschool"":""not_legal"",""premodern"":""not_legal"",""predh"":""not_legal"",""tlr"":""not_legal""},""games"":[""paper"",""mtgo""],""reserved"":false,""game_changer"":false,""foil"":true,""nonfoil"":true,""finishes"":[""nonfoil"",""foil""],""oversized"":false,""promo"":false,""reprint"":false,""variation"":false,""set_id"":""54b67b0b-cd3f-4e0d-ac25-fef5d966409b"",""set"":""acr"",""set_name"":""Assassin's Creed"",""set_type"":""draft_innovation"",""set_uri"":""https://api.scryfall.com/sets/54b67b0b-cd3f-4e0d-ac25-fef5d966409b"",""set_search_uri"":""https://api.scryfall.com/cards/search?order=set&q=e%3Aacr&unique=prints"",""scryfall_set_uri"":""https://scryfall.com/sets/acr?utm_source=api"",""rulings_uri"":""https://api.scryfall.com/cards/88667198-3bec-413c-b41e-de96abc8db7b/rulings"",""prints_search_uri"":""https://api.scryfall.com/cards/search?order=released&q=oracleid%3Acb8289e9-1e59-41f1-a994-6e34d2da2da2&unique=prints"",""collector_number"":""54"",""digital"":false,""rarity"":""mythic"",""flavor_text"":""\""My destiny is mine to weave.\"""",""card_back_id"":""0aeebaf5-8c7d-4636-9e82-8c27447861f7"",""artist"":""Justyna Dura"",""artist_ids"":[""d2340aef-8ca9-4e0d-864c-6a4e8d5e350a""],""illustration_id"":""3d4289e4-fc2e-49b9-9c57-1b867598864c"",""border_color"":""black"",""frame"":""2015"",""frame_effects"":[""legendary""],""security_stamp"":""triangle"",""full_art"":false,""textless"":false,""booster"":true,""story_spotlight"":false,""promo_types"":[""universesbeyond""],""edhrec_rank"":8905,""penny_rank"":16616,""prices"":{""usd"":""0.85"",""usd_foil"":""1.40"",""usd_etched"":null,""eur"":""2.00"",""eur_foil"":""2.13"",""tix"":""0.02""},""related_uris"":{""gatherer"":""https://gatherer.wizards.com/Pages/Card/Details.aspx?multiverseid=667644&printed=false"",""tcgplayer_infinite_articles"":""https://partner.tcgplayer.com/c/4931599/1830156/21018?subId1=api&trafcat=tcgplayer.com%2Fsearch%2Farticles&u=https%3A%2F%2Fwww.tcgplayer.com%2Fsearch%2Farticles%3FproductLineName%3Dmagic%26q%3DEivor%252C%2BWolf-Kissed"",""tcgplayer_infinite_decks"":""https://partner.tcgplayer.com/c/4931599/1830156/21018?subId1=api&trafcat=tcgplayer.com%2Fsearch%2Fdecks&u=https%3A%2F%2Fwww.tcgplayer.com%2Fsearch%2Fdecks%3FproductLineName%3Dmagic%26q%3DEivor%252C%2BWolf-Kissed"",""edhrec"":""https://edhrec.com/route/?cc=Eivor%2C+Wolf-Kissed""},""purchase_uris"":{""tcgplayer"":""https://partner.tcgplayer.com/c/4931599/1830156/21018?subId1=api&u=https%3A%2F%2Fwww.tcgplayer.com%2Fproduct%2F555866%3Fpage%3D1"",""cardmarket"":""https://www.cardmarket.com/en/Magic/Products?idProduct=774635&referrer=scryfall&utm_campaign=card_prices&utm_medium=text&utm_source=scryfall"",""cardhoarder"":""https://www.cardhoarder.com/cards/128074?affiliate_id=scryfall&ref=card-profile&utm_campaign=affiliate&utm_medium=card&utm_source=scryfall""}}}",88667198-3bec-413c-b41e-de96abc8db7b,scryfall_id,needs_review,"Color identity review: outside Altaïr's BRW Commander identity, so this card stays in the binder and is excluded from active variants. Flagged by the Signs of Assassins import for duplicate-name or color-identity review.",,,,scryfall,0.85,,,1.4,USD,scryfall,2026-06-08T03:26:22.014Z,batch-001;assassin;commander;mardu;manabox;signs-of-assassins;graveyard;removal;combat;off-color-review;flagged;review-queue,"Signs of Assassins roles: assassin, graveyard, removal, combat.",,true,,,,,
flagged,flagged-signs-of-assassins-forest-clb-468,1,owned,Kyle,Forest,CLB,Commander Legends: Battle for Baldur's Gate,468,2b86b3a4-981e-497a-b78b-30b2dbc5ea7a,nonfoil,near_mint,en,,manabox,"{""source"":""manabox"",""row"":{""Name"":""Forest"",""Set code"":""CLB"",""Set name"":""Commander Legends: Battle for Baldur's Gate"",""Collector number"":""468"",""Foil"":""normal"",""Rarity"":""common"",""Quantity"":""1"",""ManaBox ID"":""68935"",""Scryfall ID"":""2b86b3a4-981e-497a-b78b-30b2dbc5ea7a"",""Purchase price"":""0.18"",""Misprint"":""false"",""Altered"":""false"",""Condition"":""near_mint"",""Language"":""en"",""Purchase price currency"":""USD"",""Added"":""2026-06-07T19:09:42.833Z""},""enrichment"":{""object"":""card"",""id"":""2b86b3a4-981e-497a-b78b-30b2dbc5ea7a"",""oracle_id"":""b34bb2dc-c1af-4d77-b0b3-a0fb342a5fc6"",""multiverse_ids"":[571101],""mtgo_id"":100890,""tcgplayer_id"":272728,""cardmarket_id"":658564,""name"":""Forest"",""lang"":""en"",""released_at"":""2022-06-10"",""uri"":""https://api.scryfall.com/cards/2b86b3a4-981e-497a-b78b-30b2dbc5ea7a"",""scryfall_uri"":""https://scryfall.com/card/clb/468/forest?utm_source=api"",""layout"":""normal"",""highres_image"":true,""image_status"":""highres_scan"",""image_uris"":{""small"":""https://cards.scryfall.io/small/front/2/b/2b86b3a4-981e-497a-b78b-30b2dbc5ea7a.jpg?1674139128"",""normal"":""https://cards.scryfall.io/normal/front/2/b/2b86b3a4-981e-497a-b78b-30b2dbc5ea7a.jpg?1674139128"",""large"":""https://cards.scryfall.io/large/front/2/b/2b86b3a4-981e-497a-b78b-30b2dbc5ea7a.jpg?1674139128"",""png"":""https://cards.scryfall.io/png/front/2/b/2b86b3a4-981e-497a-b78b-30b2dbc5ea7a.png?1674139128"",""art_crop"":""https://cards.scryfall.io/art_crop/front/2/b/2b86b3a4-981e-497a-b78b-30b2dbc5ea7a.jpg?1674139128"",""border_crop"":""https://cards.scryfall.io/border_crop/front/2/b/2b86b3a4-981e-497a-b78b-30b2dbc5ea7a.jpg?1674139128""},""mana_cost"":"""",""cmc"":0,""type_line"":""Basic Land — Forest"",""oracle_text"":""({T}: Add {G}.)"",""colors"":[],""color_identity"":[""G""],""keywords"":[],""produced_mana"":[""G""],""all_parts"":[{""object"":""related_card"",""id"":""3812e162-3511-4988-b2a1-3bc6945ac45b"",""component"":""combo_piece"",""name"":""Forest"",""type_line"":""Basic Land — Forest"",""uri"":""https://api.scryfall.com/cards/3812e162-3511-4988-b2a1-3bc6945ac45b""},{""object"":""related_card"",""id"":""aed8ae06-ae54-4a16-8830-6547164ce6ae"",""component"":""combo_piece"",""name"":""Gilt-Leaf Alchemist"",""type_line"":""Creature — Elf Druid"",""uri"":""https://api.scryfall.com/cards/aed8ae06-ae54-4a16-8830-6547164ce6ae""}],""legalities"":{""standard"":""legal"",""future"":""legal"",""historic"":""legal"",""timeless"":""legal"",""gladiator"":""legal"",""pioneer"":""legal"",""modern"":""legal"",""legacy"":""legal"",""pauper"":""legal"",""vintage"":""legal"",""penny"":""legal"",""commander"":""legal"",""oathbreaker"":""legal"",""standardbrawl"":""legal"",""brawl"":""legal"",""alchemy"":""legal"",""paupercommander"":""legal"",""duel"":""legal"",""oldschool"":""not_legal"",""premodern"":""legal"",""predh"":""legal"",""tlr"":""legal""},""games"":[""paper"",""mtgo""],""reserved"":false,""game_changer"":false,""foil"":true,""nonfoil"":true,""finishes"":[""nonfoil"",""foil""],""oversized"":false,""promo"":false,""reprint"":true,""variation"":false,""set_id"":""5e4c3fe8-fd57-4b20-ad56-c03790a16cea"",""set"":""clb"",""set_name"":""Commander Legends: Battle for Baldur's Gate"",""set_type"":""draft_innovation"",""set_uri"":""https://api.scryfall.com/sets/5e4c3fe8-fd57-4b20-ad56-c03790a16cea"",""set_search_uri"":""https://api.scryfall.com/cards/search?order=set&q=e%3Aclb&unique=prints"",""scryfall_set_uri"":""https://scryfall.com/sets/clb?utm_source=api"",""rulings_uri"":""https://api.scryfall.com/cards/2b86b3a4-981e-497a-b78b-30b2dbc5ea7a/rulings"",""prints_search_uri"":""https://api.scryfall.com/cards/search?order=released&q=oracleid%3Ab34bb2dc-c1af-4d77-b0b3-a0fb342a5fc6&unique=prints"",""collector_number"":""468"",""digital"":false,""rarity"":""common"",""flavor_text"":""The lights in the cavern glow and fade, glow and fade in a rhythm that must have a deeper meaning, if only you can figure it out."",""card_back_id"":""0aeebaf5-8c7d-4636-9e82-8c27447861f7"",""artist"":""Muhammad Firdaus"",""artist_ids"":[""185ea3f2-0b95-4f96-ab62-f7754ba591d8""],""illustration_id"":""6381b868-f669-47c7-b50e-43c1312ecd7c"",""border_color"":""black"",""frame"":""2015"",""full_art"":false,""textless"":false,""booster"":false,""story_spotlight"":false,""prices"":{""usd"":""0.18"",""usd_foil"":""0.26"",""usd_etched"":null,""eur"":""0.14"",""eur_foil"":""0.13"",""tix"":""0.06""},""related_uris"":{""gatherer"":""https://gatherer.wizards.com/Pages/Card/Details.aspx?multiverseid=571101&printed=false"",""tcgplayer_infinite_articles"":""https://partner.tcgplayer.com/c/4931599/1830156/21018?subId1=api&trafcat=tcgplayer.com%2Fsearch%2Farticles&u=https%3A%2F%2Fwww.tcgplayer.com%2Fsearch%2Farticles%3FproductLineName%3Dmagic%26q%3DForest"",""tcgplayer_infinite_decks"":""https://partner.tcgplayer.com/c/4931599/1830156/21018?subId1=api&trafcat=tcgplayer.com%2Fsearch%2Fdecks&u=https%3A%2F%2Fwww.tcgplayer.com%2Fsearch%2Fdecks%3FproductLineName%3Dmagic%26q%3DForest"",""edhrec"":""https://edhrec.com/route/?cc=Forest""},""purchase_uris"":{""tcgplayer"":""https://partner.tcgplayer.com/c/4931599/1830156/21018?subId1=api&u=https%3A%2F%2Fwww.tcgplayer.com%2Fproduct%2F272728%3Fpage%3D1"",""cardmarket"":""https://www.cardmarket.com/en/Magic/Products?idProduct=658564&referrer=scryfall&utm_campaign=card_prices&utm_medium=text&utm_source=scryfall"",""cardhoarder"":""https://www.cardhoarder.com/cards/100890?affiliate_id=scryfall&ref=card-profile&utm_campaign=affiliate&utm_medium=card&utm_source=scryfall""}}}",2b86b3a4-981e-497a-b78b-30b2dbc5ea7a,scryfall_id,needs_review,"Color identity review: outside Altaïr's BRW Commander identity, so this card stays in the binder and is excluded from active variants. Flagged by the Signs of Assassins import for duplicate-name or color-identity review.",,,,scryfall,0.18,,,0.26,USD,scryfall,2026-06-08T03:26:22.014Z,batch-001;assassin;commander;mardu;manabox;signs-of-assassins;land;ramp;off-color-review;flagged;review-queue,"Signs of Assassins roles: land, ramp.",,true,,,,,
flagged,flagged-signs-of-assassins-hidden-footblade-acr-34,2,owned,Kyle,Hidden Footblade,ACR,Assassin's Creed,34,e188fe5a-92ac-4c1c-a9a4-2dd5912cc14e,nonfoil,near_mint,en,,manabox,"{""source"":""manabox"",""row"":{""Name"":""Hidden Footblade"",""Set code"":""ACR"",""Set name"":""Assassin's Creed"",""Collector number"":""34"",""Foil"":""normal"",""Rarity"":""uncommon"",""Quantity"":""2"",""ManaBox ID"":""95516"",""Scryfall ID"":""e188fe5a-92ac-4c1c-a9a4-2dd5912cc14e"",""Purchase price"":""0.22"",""Misprint"":""false"",""Altered"":""false"",""Condition"":""near_mint"",""Language"":""en"",""Purchase price currency"":""USD"",""Added"":""2026-06-07T19:09:42.868Z""},""enrichment"":{""object"":""card"",""id"":""e188fe5a-92ac-4c1c-a9a4-2dd5912cc14e"",""oracle_id"":""daed1b38-510b-4698-95c3-05c09f5fabe9"",""multiverse_ids"":[667624],""mtgo_id"":128034,""tcgplayer_id"":556316,""cardmarket_id"":775448,""name"":""Hidden Footblade"",""lang"":""en"",""released_at"":""2024-07-05"",""uri"":""https://api.scryfall.com/cards/e188fe5a-92ac-4c1c-a9a4-2dd5912cc14e"",""scryfall_uri"":""https://scryfall.com/card/acr/34/hidden-footblade?utm_source=api"",""layout"":""normal"",""highres_image"":true,""image_status"":""highres_scan"",""image_uris"":{""small"":""https://cards.scryfall.io/small/front/e/1/e188fe5a-92ac-4c1c-a9a4-2dd5912cc14e.jpg?1721423821"",""normal"":""https://cards.scryfall.io/normal/front/e/1/e188fe5a-92ac-4c1c-a9a4-2dd5912cc14e.jpg?1721423821"",""large"":""https://cards.scryfall.io/large/front/e/1/e188fe5a-92ac-4c1c-a9a4-2dd5912cc14e.jpg?1721423821"",""png"":""https://cards.scryfall.io/png/front/e/1/e188fe5a-92ac-4c1c-a9a4-2dd5912cc14e.png?1721423821"",""art_crop"":""https://cards.scryfall.io/art_crop/front/e/1/e188fe5a-92ac-4c1c-a9a4-2dd5912cc14e.jpg?1721423821"",""border_crop"":""https://cards.scryfall.io/border_crop/front/e/1/e188fe5a-92ac-4c1c-a9a4-2dd5912cc14e.jpg?1721423821""},""mana_cost"":""{R}"",""cmc"":1,""type_line"":""Artifact — Equipment"",""oracle_text"":""Flash
When this Equipment enters, attach it to target creature you control. That creature gains first strike until end of turn.
Equipped creature gets +1/+0 and has haste.
Equip {2} ({2}: Attach to target creature you control. Equip only as a sorcery.)"",""colors"":[""R""],""color_identity"":[""R""],""keywords"":[""Equip"",""Flash""],""legalities"":{""standard"":""not_legal"",""future"":""not_legal"",""historic"":""not_legal"",""timeless"":""not_legal"",""gladiator"":""not_legal"",""pioneer"":""not_legal"",""modern"":""legal"",""legacy"":""legal"",""pauper"":""not_legal"",""vintage"":""legal"",""penny"":""not_legal"",""commander"":""legal"",""oathbreaker"":""legal"",""standardbrawl"":""not_legal"",""brawl"":""not_legal"",""alchemy"":""not_legal"",""paupercommander"":""not_legal"",""duel"":""legal"",""oldschool"":""not_legal"",""premodern"":""not_legal"",""predh"":""not_legal"",""tlr"":""legal""},""games"":[""paper"",""mtgo""],""reserved"":false,""game_changer"":false,""foil"":true,""nonfoil"":true,""finishes"":[""nonfoil"",""foil""],""oversized"":false,""promo"":false,""reprint"":false,""variation"":false,""set_id"":""54b67b0b-cd3f-4e0d-ac25-fef5d966409b"",""set"":""acr"",""set_name"":""Assassin's Creed"",""set_type"":""draft_innovation"",""set_uri"":""https://api.scryfall.com/sets/54b67b0b-cd3f-4e0d-ac25-fef5d966409b"",""set_search_uri"":""https://api.scryfall.com/cards/search?order=set&q=e%3Aacr&unique=prints"",""scryfall_set_uri"":""https://scryfall.com/sets/acr?utm_source=api"",""rulings_uri"":""https://api.scryfall.com/cards/e188fe5a-92ac-4c1c-a9a4-2dd5912cc14e/rulings"",""prints_search_uri"":""https://api.scryfall.com/cards/search?order=released&q=oracleid%3Adaed1b38-510b-4698-95c3-05c09f5fabe9&unique=prints"",""collector_number"":""34"",""digital"":false,""rarity"":""uncommon"",""card_back_id"":""0aeebaf5-8c7d-4636-9e82-8c27447861f7"",""artist"":""Néstor Ossandón Leal"",""artist_ids"":[""7a6f1667-a8ac-47f5-a302-f71cb54b2adf""],""illustration_id"":""ef8f13bf-f15e-4db9-8a01-ef93d48afa53"",""border_color"":""black"",""frame"":""2015"",""security_stamp"":""triangle"",""full_art"":false,""textless"":false,""booster"":true,""story_spotlight"":false,""promo_types"":[""universesbeyond""],""edhrec_rank"":10668,""prices"":{""usd"":""0.22"",""usd_foil"":""0.30"",""usd_etched"":null,""eur"":""0.21"",""eur_foil"":""0.17"",""tix"":""0.65""},""related_uris"":{""gatherer"":""https://gatherer.wizards.com/Pages/Card/Details.aspx?multiverseid=667624&printed=false"",""tcgplayer_infinite_articles"":""https://partner.tcgplayer.com/c/4931599/1830156/21018?subId1=api&trafcat=tcgplayer.com%2Fsearch%2Farticles&u=https%3A%2F%2Fwww.tcgplayer.com%2Fsearch%2Farticles%3FproductLineName%3Dmagic%26q%3DHidden%2BFootblade"",""tcgplayer_infinite_decks"":""https://partner.tcgplayer.com/c/4931599/1830156/21018?subId1=api&trafcat=tcgplayer.com%2Fsearch%2Fdecks&u=https%3A%2F%2Fwww.tcgplayer.com%2Fsearch%2Fdecks%3FproductLineName%3Dmagic%26q%3DHidden%2BFootblade"",""edhrec"":""https://edhrec.com/route/?cc=Hidden+Footblade""},""purchase_uris"":{""tcgplayer"":""https://partner.tcgplayer.com/c/4931599/1830156/21018?subId1=api&u=https%3A%2F%2Fwww.tcgplayer.com%2Fproduct%2F556316%3Fpage%3D1"",""cardmarket"":""https://www.cardmarket.com/en/Magic/Products?idProduct=775448&referrer=scryfall&utm_campaign=card_prices&utm_medium=text&utm_source=scryfall"",""cardhoarder"":""https://www.cardhoarder.com/cards/128034?affiliate_id=scryfall&ref=card-profile&utm_campaign=affiliate&utm_medium=card&utm_source=scryfall""}}}",e188fe5a-92ac-4c1c-a9a4-2dd5912cc14e,scryfall_id,needs_review,Duplicate name review: Hidden Footblade appears as 2 owned copies/prints in batch-001. Commander variants should use only one nonbasic copy; the binder preserves every owned print. Flagged by the Signs of Assassins import for duplicate-name or color-identity review.,,,,scryfall,0.22,,,0.3,USD,scryfall,2026-06-08T03:26:22.014Z,batch-001;assassin;commander;mardu;manabox;signs-of-assassins;equipment;artifact;combat;duplicate-name-review;flagged;review-queue,"Signs of Assassins roles: equipment, artifact, combat.",,true,,,,,
flagged,flagged-signs-of-assassins-plains-acr-101,1,owned,Kyle,Plains,ACR,Assassin's Creed,101,66ad5a57-7296-43cb-b477-826e65d37222,nonfoil,near_mint,en,,manabox,"{""source"":""manabox"",""row"":{""Name"":""Plains"",""Set code"":""ACR"",""Set name"":""Assassin's Creed"",""Collector number"":""101"",""Foil"":""normal"",""Rarity"":""common"",""Quantity"":""1"",""ManaBox ID"":""95394"",""Scryfall ID"":""66ad5a57-7296-43cb-b477-826e65d37222"",""Purchase price"":""0.3"",""Misprint"":""false"",""Altered"":""false"",""Condition"":""near_mint"",""Language"":""en"",""Purchase price currency"":""USD"",""Added"":""2026-06-07T19:09:42.841Z""},""enrichment"":{""object"":""card"",""id"":""66ad5a57-7296-43cb-b477-826e65d37222"",""oracle_id"":""bc71ebf6-2056-41f7-be35-b2e5c34afa99"",""multiverse_ids"":[666721],""mtgo_id"":128168,""tcgplayer_id"":555917,""cardmarket_id"":774662,""name"":""Plains"",""lang"":""en"",""released_at"":""2024-07-05"",""uri"":""https://api.scryfall.com/cards/66ad5a57-7296-43cb-b477-826e65d37222"",""scryfall_uri"":""https://scryfall.com/card/acr/101/plains?utm_source=api"",""layout"":""normal"",""highres_image"":true,""image_status"":""highres_scan"",""image_uris"":{""small"":""https://cards.scryfall.io/small/front/6/6/66ad5a57-7296-43cb-b477-826e65d37222.jpg?1721424496"",""normal"":""https://cards.scryfall.io/normal/front/6/6/66ad5a57-7296-43cb-b477-826e65d37222.jpg?1721424496"",""large"":""https://cards.scryfall.io/large/front/6/6/66ad5a57-7296-43cb-b477-826e65d37222.jpg?1721424496"",""png"":""https://cards.scryfall.io/png/front/6/6/66ad5a57-7296-43cb-b477-826e65d37222.png?1721424496"",""art_crop"":""https://cards.scryfall.io/art_crop/front/6/6/66ad5a57-7296-43cb-b477-826e65d37222.jpg?1721424496"",""border_crop"":""https://cards.scryfall.io/border_crop/front/6/6/66ad5a57-7296-43cb-b477-826e65d37222.jpg?1721424496""},""mana_cost"":"""",""cmc"":0,""type_line"":""Basic Land — Plains"",""oracle_text"":""({T}: Add {W}.)"",""colors"":[],""color_identity"":[""W""],""keywords"":[],""produced_mana"":[""W""],""legalities"":{""standard"":""legal"",""future"":""legal"",""historic"":""legal"",""timeless"":""legal"",""gladiator"":""legal"",""pioneer"":""legal"",""modern"":""legal"",""legacy"":""legal"",""pauper"":""legal"",""vintage"":""legal"",""penny"":""legal"",""commander"":""legal"",""oathbreaker"":""legal"",""standardbrawl"":""legal"",""brawl"":""legal"",""alchemy"":""legal"",""paupercommander"":""legal"",""duel"":""legal"",""oldschool"":""not_legal"",""premodern"":""legal"",""predh"":""legal"",""tlr"":""legal""},""games"":[""paper"",""mtgo""],""reserved"":false,""game_changer"":false,""foil"":true,""nonfoil"":true,""finishes"":[""nonfoil"",""foil""],""oversized"":false,""promo"":false,""reprint"":true,""variation"":false,""set_id"":""54b67b0b-cd3f-4e0d-ac25-fef5d966409b"",""set"":""acr"",""set_name"":""Assassin's Creed"",""set_type"":""draft_innovation"",""set_uri"":""https://api.scryfall.com/sets/54b67b0b-cd3f-4e0d-ac25-fef5d966409b"",""set_search_uri"":""https://api.scryfall.com/cards/search?order=set&q=e%3Aacr&unique=prints"",""scryfall_set_uri"":""https://scryfall.com/sets/acr?utm_source=api"",""rulings_uri"":""https://api.scryfall.com/cards/66ad5a57-7296-43cb-b477-826e65d37222/rulings"",""prints_search_uri"":""https://api.scryfall.com/cards/search?order=released&q=oracleid%3Abc71ebf6-2056-41f7-be35-b2e5c34afa99&unique=prints"",""collector_number"":""101"",""digital"":false,""rarity"":""common"",""card_back_id"":""0aeebaf5-8c7d-4636-9e82-8c27447861f7"",""artist"":""Bruce Brenneise"",""artist_ids"":[""91d65465-e8a6-4a4e-8b0e-0e07466cfa0f""],""illustration_id"":""83d0a567-4c90-4957-bf8d-3b4b85629853"",""border_color"":""black"",""frame"":""2015"",""security_stamp"":""triangle"",""full_art"":true,""textless"":false,""booster"":true,""story_spotlight"":false,""promo_types"":[""universesbeyond""],""prices"":{""usd"":""0.30"",""usd_foil"":""0.38"",""usd_etched"":null,""eur"":""0.15"",""eur_foil"":""0.34"",""tix"":""0.17""},""related_uris"":{""gatherer"":""https://gatherer.wizards.com/Pages/Card/Details.aspx?multiverseid=666721&printed=false"",""tcgplayer_infinite_articles"":""https://partner.tcgplayer.com/c/4931599/1830156/21018?subId1=api&trafcat=tcgplayer.com%2Fsearch%2Farticles&u=https%3A%2F%2Fwww.tcgplayer.com%2Fsearch%2Farticles%3FproductLineName%3Dmagic%26q%3DPlains"",""tcgplayer_infinite_decks"":""https://partner.tcgplayer.com/c/4931599/1830156/21018?subId1=api&trafcat=tcgplayer.com%2Fsearch%2Fdecks&u=https%3A%2F%2Fwww.tcgplayer.com%2Fsearch%2Fdecks%3FproductLineName%3Dmagic%26q%3DPlains"",""edhrec"":""https://edhrec.com/route/?cc=Plains""},""purchase_uris"":{""tcgplayer"":""https://partner.tcgplayer.com/c/4931599/1830156/21018?subId1=api&u=https%3A%2F%2Fwww.tcgplayer.com%2Fproduct%2F555917%3Fpage%3D1"",""cardmarket"":""https://www.cardmarket.com/en/Magic/Products?idProduct=774662&referrer=scryfall&utm_campaign=card_prices&utm_medium=text&utm_source=scryfall"",""cardhoarder"":""https://www.cardhoarder.com/cards/128168?affiliate_id=scryfall&ref=card-profile&utm_campaign=affiliate&utm_medium=card&utm_source=scryfall""}}}",66ad5a57-7296-43cb-b477-826e65d37222,scryfall_id,needs_review,Duplicate name review: Plains appears as 3 owned copies/prints in batch-001. Commander variants should use only one nonbasic copy; the binder preserves every owned print. Flagged by the Signs of Assassins import for duplicate-name or color-identity review.,,,,scryfall,0.3,,,0.38,USD,scryfall,2026-06-08T03:26:22.014Z,batch-001;assassin;commander;mardu;manabox;signs-of-assassins;land;ramp;duplicate-name-review;flagged;review-queue,"Signs of Assassins roles: land, ramp.",,true,,,,,
flagged,flagged-signs-of-assassins-plains-fin-296,1,owned,Kyle,Plains,FIN,Final Fantasy,296,ee86ac2f-f398-4422-8721-8ac859fbf5bc,nonfoil,near_mint,en,,manabox,"{""source"":""manabox"",""row"":{""Name"":""Plains"",""Set code"":""FIN"",""Set name"":""Final Fantasy"",""Collector number"":""296"",""Foil"":""normal"",""Rarity"":""common"",""Quantity"":""1"",""ManaBox ID"":""105750"",""Scryfall ID"":""ee86ac2f-f398-4422-8721-8ac859fbf5bc"",""Purchase price"":""0.17"",""Misprint"":""false"",""Altered"":""false"",""Condition"":""near_mint"",""Language"":""en"",""Purchase price currency"":""USD"",""Added"":""2026-06-07T19:09:42.838Z""},""enrichment"":{""object"":""card"",""id"":""ee86ac2f-f398-4422-8721-8ac859fbf5bc"",""oracle_id"":""bc71ebf6-2056-41f7-be35-b2e5c34afa99"",""multiverse_ids"":[],""resource_id"":""F799A47870E1226437487F65AF5F655448A74106D3A63B0D381F4B374A8AF511"",""mtgo_id"":140867,""arena_id"":96181,""tcgplayer_id"":630881,""cardmarket_id"":824175,""name"":""Plains"",""lang"":""en"",""released_at"":""2025-06-13"",""uri"":""https://api.scryfall.com/cards/ee86ac2f-f398-4422-8721-8ac859fbf5bc"",""scryfall_uri"":""https://scryfall.com/card/fin/296/plains?utm_source=api"",""layout"":""normal"",""highres_image"":true,""image_status"":""highres_scan"",""image_uris"":{""small"":""https://cards.scryfall.io/small/front/e/e/ee86ac2f-f398-4422-8721-8ac859fbf5bc.jpg?1748706884"",""normal"":""https://cards.scryfall.io/normal/front/e/e/ee86ac2f-f398-4422-8721-8ac859fbf5bc.jpg?1748706884"",""large"":""https://cards.scryfall.io/large/front/e/e/ee86ac2f-f398-4422-8721-8ac859fbf5bc.jpg?1748706884"",""png"":""https://cards.scryfall.io/png/front/e/e/ee86ac2f-f398-4422-8721-8ac859fbf5bc.png?1748706884"",""art_crop"":""https://cards.scryfall.io/art_crop/front/e/e/ee86ac2f-f398-4422-8721-8ac859fbf5bc.jpg?1748706884"",""border_crop"":""https://cards.scryfall.io/border_crop/front/e/e/ee86ac2f-f398-4422-8721-8ac859fbf5bc.jpg?1748706884""},""mana_cost"":"""",""cmc"":0,""type_line"":""Basic Land — Plains"",""oracle_text"":""({T}: Add {W}.)"",""colors"":[],""color_identity"":[""W""],""keywords"":[],""produced_mana"":[""W""],""legalities"":{""standard"":""legal"",""future"":""legal"",""historic"":""legal"",""timeless"":""legal"",""gladiator"":""legal"",""pioneer"":""legal"",""modern"":""legal"",""legacy"":""legal"",""pauper"":""legal"",""vintage"":""legal"",""penny"":""legal"",""commander"":""legal"",""oathbreaker"":""legal"",""standardbrawl"":""legal"",""brawl"":""legal"",""alchemy"":""legal"",""paupercommander"":""legal"",""duel"":""legal"",""oldschool"":""not_legal"",""premodern"":""legal"",""predh"":""legal"",""tlr"":""legal""},""games"":[""paper"",""arena"",""mtgo""],""reserved"":false,""game_changer"":false,""foil"":true,""nonfoil"":true,""finishes"":[""nonfoil"",""foil""],""oversized"":false,""promo"":false,""reprint"":true,""variation"":false,""set_id"":""d7beb4b7-e1ff-4d35-ab07-5700f17ea1ea"",""set"":""fin"",""set_name"":""Final Fantasy"",""set_type"":""expansion"",""set_uri"":""https://api.scryfall.com/sets/d7beb4b7-e1ff-4d35-ab07-5700f17ea1ea"",""set_search_uri"":""https://api.scryfall.com/cards/search?order=set&q=e%3Afin&unique=prints"",""scryfall_set_uri"":""https://scryfall.com/sets/fin?utm_source=api"",""rulings_uri"":""https://api.scryfall.com/cards/ee86ac2f-f398-4422-8721-8ac859fbf5bc/rulings"",""prints_search_uri"":""https://api.scryfall.com/cards/search?order=released&q=oracleid%3Abc71ebf6-2056-41f7-be35-b2e5c34afa99&unique=prints"",""collector_number"":""296"",""digital"":false,""rarity"":""common"",""card_back_id"":""0aeebaf5-8c7d-4636-9e82-8c27447861f7"",""artist"":""Eddie Mendoza"",""artist_ids"":[""edba879a-50b4-4e4a-8e21-2649f484ef03""],""illustration_id"":""eee100bc-5479-4226-800b-76d52a83976f"",""border_color"":""black"",""frame"":""2015"",""security_stamp"":""triangle"",""full_art"":true,""textless"":false,""booster"":true,""story_spotlight"":false,""promo_types"":[""ffxv"",""universesbeyond""],""prices"":{""usd"":""0.17"",""usd_foil"":""0.31"",""usd_etched"":null,""eur"":""0.13"",""eur_foil"":""0.21"",""tix"":""0.03""},""related_uris"":{""tcgplayer_infinite_articles"":""https://partner.tcgplayer.com/c/4931599/1830156/21018?subId1=api&trafcat=tcgplayer.com%2Fsearch%2Farticles&u=https%3A%2F%2Fwww.tcgplayer.com%2Fsearch%2Farticles%3FproductLineName%3Dmagic%26q%3DPlains"",""tcgplayer_infinite_decks"":""https://partner.tcgplayer.com/c/4931599/1830156/21018?subId1=api&trafcat=tcgplayer.com%2Fsearch%2Fdecks&u=https%3A%2F%2Fwww.tcgplayer.com%2Fsearch%2Fdecks%3FproductLineName%3Dmagic%26q%3DPlains"",""edhrec"":""https://edhrec.com/route/?cc=Plains""},""purchase_uris"":{""tcgplayer"":""https://partner.tcgplayer.com/c/4931599/1830156/21018?subId1=api&u=https%3A%2F%2Fwww.tcgplayer.com%2Fproduct%2F630881%3Fpage%3D1"",""cardmarket"":""https://www.cardmarket.com/en/Magic/Products?idProduct=824175&referrer=scryfall&utm_campaign=card_prices&utm_medium=text&utm_source=scryfall"",""cardhoarder"":""https://www.cardhoarder.com/cards/140867?affiliate_id=scryfall&ref=card-profile&utm_campaign=affiliate&utm_medium=card&utm_source=scryfall""}}}",ee86ac2f-f398-4422-8721-8ac859fbf5bc,scryfall_id,needs_review,Duplicate name review: Plains appears as 3 owned copies/prints in batch-001. Commander variants should use only one nonbasic copy; the binder preserves every owned print. Flagged by the Signs of Assassins import for duplicate-name or color-identity review.,,,,scryfall,0.17,,,0.31,USD,scryfall,2026-06-08T03:26:22.014Z,batch-001;assassin;commander;mardu;manabox;signs-of-assassins;land;ramp;duplicate-name-review;flagged;review-queue,"Signs of Assassins roles: land, ramp.",,true,,,,,
flagged,flagged-signs-of-assassins-plains-fin-294,1,owned,Kyle,Plains,FIN,Final Fantasy,294,9dd2d666-7c6b-48ce-93dc-c004ebdd1fe9,nonfoil,near_mint,en,,manabox,"{""source"":""manabox"",""row"":{""Name"":""Plains"",""Set code"":""FIN"",""Set name"":""Final Fantasy"",""Collector number"":""294"",""Foil"":""normal"",""Rarity"":""common"",""Quantity"":""1"",""ManaBox ID"":""105678"",""Scryfall ID"":""9dd2d666-7c6b-48ce-93dc-c004ebdd1fe9"",""Purchase price"":""0.24"",""Misprint"":""false"",""Altered"":""false"",""Condition"":""near_mint"",""Language"":""en"",""Purchase price currency"":""USD"",""Added"":""2026-06-07T19:09:42.831Z""},""enrichment"":{""object"":""card"",""id"":""9dd2d666-7c6b-48ce-93dc-c004ebdd1fe9"",""oracle_id"":""bc71ebf6-2056-41f7-be35-b2e5c34afa99"",""multiverse_ids"":[],""resource_id"":""C6FF457B4CA220541A12E76891F47322E9687957FAD3B9BF22350EAED0A84741"",""mtgo_id"":140863,""arena_id"":96179,""tcgplayer_id"":630875,""cardmarket_id"":824173,""name"":""Plains"",""lang"":""en"",""released_at"":""2025-06-13"",""uri"":""https://api.scryfall.com/cards/9dd2d666-7c6b-48ce-93dc-c004ebdd1fe9"",""scryfall_uri"":""https://scryfall.com/card/fin/294/plains?utm_source=api"",""layout"":""normal"",""highres_image"":true,""image_status"":""highres_scan"",""image_uris"":{""small"":""https://cards.scryfall.io/small/front/9/d/9dd2d666-7c6b-48ce-93dc-c004ebdd1fe9.jpg?1748706876"",""normal"":""https://cards.scryfall.io/normal/front/9/d/9dd2d666-7c6b-48ce-93dc-c004ebdd1fe9.jpg?1748706876"",""large"":""https://cards.scryfall.io/large/front/9/d/9dd2d666-7c6b-48ce-93dc-c004ebdd1fe9.jpg?1748706876"",""png"":""https://cards.scryfall.io/png/front/9/d/9dd2d666-7c6b-48ce-93dc-c004ebdd1fe9.png?1748706876"",""art_crop"":""https://cards.scryfall.io/art_crop/front/9/d/9dd2d666-7c6b-48ce-93dc-c004ebdd1fe9.jpg?1748706876"",""border_crop"":""https://cards.scryfall.io/border_crop/front/9/d/9dd2d666-7c6b-48ce-93dc-c004ebdd1fe9.jpg?1748706876""},""mana_cost"":"""",""cmc"":0,""type_line"":""Basic Land — Plains"",""oracle_text"":""({T}: Add {W}.)"",""colors"":[],""color_identity"":[""W""],""keywords"":[],""produced_mana"":[""W""],""legalities"":{""standard"":""legal"",""future"":""legal"",""historic"":""legal"",""timeless"":""legal"",""gladiator"":""legal"",""pioneer"":""legal"",""modern"":""legal"",""legacy"":""legal"",""pauper"":""legal"",""vintage"":""legal"",""penny"":""legal"",""commander"":""legal"",""oathbreaker"":""legal"",""standardbrawl"":""legal"",""brawl"":""legal"",""alchemy"":""legal"",""paupercommander"":""legal"",""duel"":""legal"",""oldschool"":""not_legal"",""premodern"":""legal"",""predh"":""legal"",""tlr"":""legal""},""games"":[""paper"",""arena"",""mtgo""],""reserved"":false,""game_changer"":false,""foil"":true,""nonfoil"":true,""finishes"":[""nonfoil"",""foil""],""oversized"":false,""promo"":false,""reprint"":true,""variation"":false,""set_id"":""d7beb4b7-e1ff-4d35-ab07-5700f17ea1ea"",""set"":""fin"",""set_name"":""Final Fantasy"",""set_type"":""expansion"",""set_uri"":""https://api.scryfall.com/sets/d7beb4b7-e1ff-4d35-ab07-5700f17ea1ea"",""set_search_uri"":""https://api.scryfall.com/cards/search?order=set&q=e%3Afin&unique=prints"",""scryfall_set_uri"":""https://scryfall.com/sets/fin?utm_source=api"",""rulings_uri"":""https://api.scryfall.com/cards/9dd2d666-7c6b-48ce-93dc-c004ebdd1fe9/rulings"",""prints_search_uri"":""https://api.scryfall.com/cards/search?order=released&q=oracleid%3Abc71ebf6-2056-41f7-be35-b2e5c34afa99&unique=prints"",""collector_number"":""294"",""digital"":false,""rarity"":""common"",""card_back_id"":""0aeebaf5-8c7d-4636-9e82-8c27447861f7"",""artist"":""Shahab Alizadeh"",""artist_ids"":[""0bab3964-6224-4a02-acb3-f46d92dfc45d""],""illustration_id"":""b3d40bf0-8773-4f35-b970-7f60104506c3"",""border_color"":""black"",""frame"":""2015"",""security_stamp"":""triangle"",""full_art"":true,""textless"":false,""booster"":true,""story_spotlight"":false,""promo_types"":[""ffxii"",""universesbeyond""],""prices"":{""usd"":""0.24"",""usd_foil"":""0.27"",""usd_etched"":null,""eur"":""0.14"",""eur_foil"":""0.30"",""tix"":""0.03""},""related_uris"":{""tcgplayer_infinite_articles"":""https://partner.tcgplayer.com/c/4931599/1830156/21018?subId1=api&trafcat=tcgplayer.com%2Fsearch%2Farticles&u=https%3A%2F%2Fwww.tcgplayer.com%2Fsearch%2Farticles%3FproductLineName%3Dmagic%26q%3DPlains"",""tcgplayer_infinite_decks"":""https://partner.tcgplayer.com/c/4931599/1830156/21018?subId1=api&trafcat=tcgplayer.com%2Fsearch%2Fdecks&u=https%3A%2F%2Fwww.tcgplayer.com%2Fsearch%2Fdecks%3FproductLineName%3Dmagic%26q%3DPlains"",""edhrec"":""https://edhrec.com/route/?cc=Plains""},""purchase_uris"":{""tcgplayer"":""https://partner.tcgplayer.com/c/4931599/1830156/21018?subId1=api&u=https%3A%2F%2Fwww.tcgplayer.com%2Fproduct%2F630875%3Fpage%3D1"",""cardmarket"":""https://www.cardmarket.com/en/Magic/Products?idProduct=824173&referrer=scryfall&utm_campaign=card_prices&utm_medium=text&utm_source=scryfall"",""cardhoarder"":""https://www.cardhoarder.com/cards/140863?affiliate_id=scryfall&ref=card-profile&utm_campaign=affiliate&utm_medium=card&utm_source=scryfall""}}}",9dd2d666-7c6b-48ce-93dc-c004ebdd1fe9,scryfall_id,needs_review,Duplicate name review: Plains appears as 3 owned copies/prints in batch-001. Commander variants should use only one nonbasic copy; the binder preserves every owned print. Flagged by the Signs of Assassins import for duplicate-name or color-identity review.,,,,scryfall,0.24,,,0.27,USD,scryfall,2026-06-08T03:26:22.014Z,batch-001;assassin;commander;mardu;manabox;signs-of-assassins;land;ramp;duplicate-name-review;flagged;review-queue,"Signs of Assassins roles: land, ramp.",,true,,,,,
flagged,flagged-signs-of-assassins-pyrotechnic-performer-mkm-140,2,owned,Kyle,Pyrotechnic Performer,MKM,Murders at Karlov Manor,140,0fa5671b-2651-4944-a50a-c768ec70229e,nonfoil,near_mint,en,,manabox,"{""source"":""manabox"",""row"":{""Name"":""Pyrotechnic Performer"",""Set code"":""MKM"",""Set name"":""Murders at Karlov Manor"",""Collector number"":""140"",""Foil"":""normal"",""Rarity"":""rare"",""Quantity"":""2"",""ManaBox ID"":""90666"",""Scryfall ID"":""0fa5671b-2651-4944-a50a-c768ec70229e"",""Purchase price"":""0.27"",""Misprint"":""false"",""Altered"":""false"",""Condition"":""near_mint"",""Language"":""en"",""Purchase price currency"":""USD"",""Added"":""2026-06-07T19:09:42.927Z""},""enrichment"":{""object"":""card"",""id"":""0fa5671b-2651-4944-a50a-c768ec70229e"",""oracle_id"":""78f9ec0f-6015-4024-aca6-9a14cba373fa"",""multiverse_ids"":[646698],""mtgo_id"":121758,""arena_id"":89055,""tcgplayer_id"":533381,""cardmarket_id"":751200,""name"":""Pyrotechnic Performer"",""lang"":""en"",""released_at"":""2024-02-09"",""uri"":""https://api.scryfall.com/cards/0fa5671b-2651-4944-a50a-c768ec70229e"",""scryfall_uri"":""https://scryfall.com/card/mkm/140/pyrotechnic-performer?utm_source=api"",""layout"":""normal"",""highres_image"":true,""image_status"":""highres_scan"",""image_uris"":{""small"":""https://cards.scryfall.io/small/front/0/f/0fa5671b-2651-4944-a50a-c768ec70229e.jpg?1706241909"",""normal"":""https://cards.scryfall.io/normal/front/0/f/0fa5671b-2651-4944-a50a-c768ec70229e.jpg?1706241909"",""large"":""https://cards.scryfall.io/large/front/0/f/0fa5671b-2651-4944-a50a-c768ec70229e.jpg?1706241909"",""png"":""https://cards.scryfall.io/png/front/0/f/0fa5671b-2651-4944-a50a-c768ec70229e.png?1706241909"",""art_crop"":""https://cards.scryfall.io/art_crop/front/0/f/0fa5671b-2651-4944-a50a-c768ec70229e.jpg?1706241909"",""border_crop"":""https://cards.scryfall.io/border_crop/front/0/f/0fa5671b-2651-4944-a50a-c768ec70229e.jpg?1706241909""},""mana_cost"":""{1}{R}"",""cmc"":2,""type_line"":""Creature — Lizard Assassin"",""oracle_text"":""Disguise {R} (You may cast this card face down for {3} as a 2/2 creature with ward {2}. Turn it face up any time for its disguise cost.)
Whenever this creature or another creature you control is turned face up, that creature deals damage equal to its power to each opponent."",""power"":""3"",""toughness"":""2"",""colors"":[""R""],""color_identity"":[""R""],""keywords"":[""Disguise""],""all_parts"":[{""object"":""related_card"",""id"":""241b3b6d-a25f-4a43-b5d6-1d1079e7e498"",""component"":""combo_piece"",""name"":""A Mysterious Creature"",""type_line"":""Creature"",""uri"":""https://api.scryfall.com/cards/241b3b6d-a25f-4a43-b5d6-1d1079e7e498""},{""object"":""related_card"",""id"":""348027a1-1fb4-4473-b77e-b961e00a22b7"",""component"":""combo_piece"",""name"":""Pyrotechnic Performer"",""type_line"":""Creature — Lizard Assassin"",""uri"":""https://api.scryfall.com/cards/348027a1-1fb4-4473-b77e-b961e00a22b7""}],""legalities"":{""standard"":""legal"",""future"":""legal"",""historic"":""legal"",""timeless"":""legal"",""gladiator"":""legal"",""pioneer"":""legal"",""modern"":""legal"",""legacy"":""legal"",""pauper"":""not_legal"",""vintage"":""legal"",""penny"":""legal"",""commander"":""legal"",""oathbreaker"":""legal"",""standardbrawl"":""legal"",""brawl"":""legal"",""alchemy"":""not_legal"",""paupercommander"":""not_legal"",""duel"":""legal"",""oldschool"":""not_legal"",""premodern"":""not_legal"",""predh"":""not_legal"",""tlr"":""legal""},""games"":[""paper"",""arena"",""mtgo""],""reserved"":false,""game_changer"":false,""foil"":true,""nonfoil"":true,""finishes"":[""nonfoil"",""foil""],""oversized"":false,""promo"":false,""reprint"":false,""variation"":false,""set_id"":""2b17794b-15c3-4796-ad6f-0887a0eceeca"",""set"":""mkm"",""set_name"":""Murders at Karlov Manor"",""set_type"":""expansion"",""set_uri"":""https://api.scryfall.com/sets/2b17794b-15c3-4796-ad6f-0887a0eceeca"",""set_search_uri"":""https://api.scryfall.com/cards/search?order=set&q=e%3Amkm&unique=prints"",""scryfall_set_uri"":""https://scryfall.com/sets/mkm?utm_source=api"",""rulings_uri"":""https://api.scryfall.com/cards/0fa5671b-2651-4944-a50a-c768ec70229e/rulings"",""prints_search_uri"":""https://api.scryfall.com/cards/search?order=released&q=oracleid%3A78f9ec0f-6015-4024-aca6-9a14cba373fa&unique=prints"",""collector_number"":""140"",""digital"":false,""rarity"":""rare"",""flavor_text"":""\""Let's get this party started.\"""",""card_back_id"":""0aeebaf5-8c7d-4636-9e82-8c27447861f7"",""artist"":""Peter Polach"",""artist_ids"":[""3cb68fd9-a9e9-425d-85a3-c116318a880f""],""illustration_id"":""a0a5701b-8db6-4ec0-9cbe-94b7b408c9bb"",""border_color"":""black"",""frame"":""2015"",""security_stamp"":""oval"",""full_art"":false,""textless"":false,""booster"":true,""story_spotlight"":false,""edhrec_rank"":11320,""penny_rank"":7347,""preview"":{""source"":""Yahoo!"",""source_uri"":""https://sg.news.yahoo.com/magic-the-gathering-murders-at-karlov-manor-preview-card-blindside-your-opponents-with-pyrotechnic-performer-070035134.html"",""previewed_at"":""2024-01-17""},""prices"":{""usd"":""0.27"",""usd_foil"":""0.21"",""usd_etched"":null,""eur"":""0.11"",""eur_foil"":""0.21"",""tix"":""0.02""},""related_uris"":{""gatherer"":""https://gatherer.wizards.com/Pages/Card/Details.aspx?multiverseid=646698&printed=false"",""tcgplayer_infinite_articles"":""https://partner.tcgplayer.com/c/4931599/1830156/21018?subId1=api&trafcat=tcgplayer.com%2Fsearch%2Farticles&u=https%3A%2F%2Fwww.tcgplayer.com%2Fsearch%2Farticles%3FproductLineName%3Dmagic%26q%3DPyrotechnic%2BPerformer"",""tcgplayer_infinite_decks"":""https://partner.tcgplayer.com/c/4931599/1830156/21018?subId1=api&trafcat=tcgplayer.com%2Fsearch%2Fdecks&u=https%3A%2F%2Fwww.tcgplayer.com%2Fsearch%2Fdecks%3FproductLineName%3Dmagic%26q%3DPyrotechnic%2BPerformer"",""edhrec"":""https://edhrec.com/route/?cc=Pyrotechnic+Performer""},""purchase_uris"":{""tcgplayer"":""https://partner.tcgplayer.com/c/4931599/1830156/21018?subId1=api&u=https%3A%2F%2Fwww.tcgplayer.com%2Fproduct%2F533381%3Fpage%3D1"",""cardmarket"":""https://www.cardmarket.com/en/Magic/Products?idProduct=751200&referrer=scryfall&utm_campaign=card_prices&utm_medium=text&utm_source=scryfall"",""cardhoarder"":""https://www.cardhoarder.com/cards/121758?affiliate_id=scryfall&ref=card-profile&utm_campaign=affiliate&utm_medium=card&utm_source=scryfall""}}}",0fa5671b-2651-4944-a50a-c768ec70229e,scryfall_id,needs_review,Duplicate name review: Pyrotechnic Performer appears as 2 owned copies/prints in batch-001. Commander variants should use only one nonbasic copy; the binder preserves every owned print. Flagged by the Signs of Assassins import for duplicate-name or color-identity review.,,,,scryfall,0.27,,,0.21,USD,scryfall,2026-06-08T03:26:22.014Z,batch-001;assassin;commander;mardu;manabox;signs-of-assassins;protection;duplicate-name-review;flagged;review-queue,"Signs of Assassins roles: assassin, protection.",,true,,,,,
flagged,flagged-signs-of-assassins-the-revelations-of-ezio-acr-31,2,owned,Kyle,The Revelations of Ezio,ACR,Assassin's Creed,31,ed77def5-ac92-4907-805d-261cae0db357,nonfoil,near_mint,en,,manabox,"{""source"":""manabox"",""row"":{""Name"":""The Revelations of Ezio"",""Set code"":""ACR"",""Set name"":""Assassin's Creed"",""Collector number"":""31"",""Foil"":""normal"",""Rarity"":""uncommon"",""Quantity"":""2"",""ManaBox ID"":""95528"",""Scryfall ID"":""ed77def5-ac92-4907-805d-261cae0db357"",""Purchase price"":""0.23"",""Misprint"":""false"",""Altered"":""false"",""Condition"":""near_mint"",""Language"":""en"",""Purchase price currency"":""USD"",""Added"":""2026-06-07T19:09:42.805Z""},""enrichment"":{""object"":""card"",""id"":""ed77def5-ac92-4907-805d-261cae0db357"",""oracle_id"":""c7fe1f05-f412-4991-98bd-f6a4b8b62501"",""multiverse_ids"":[667621],""mtgo_id"":128028,""tcgplayer_id"":555852,""cardmarket_id"":774634,""name"":""The Revelations of Ezio"",""lang"":""en"",""released_at"":""2024-07-05"",""uri"":""https://api.scryfall.com/cards/ed77def5-ac92-4907-805d-261cae0db357"",""scryfall_uri"":""https://scryfall.com/card/acr/31/the-revelations-of-ezio?utm_source=api"",""layout"":""saga"",""highres_image"":true,""image_status"":""highres_scan"",""image_uris"":{""small"":""https://cards.scryfall.io/small/front/e/d/ed77def5-ac92-4907-805d-261cae0db357.jpg?1721423798"",""normal"":""https://cards.scryfall.io/normal/front/e/d/ed77def5-ac92-4907-805d-261cae0db357.jpg?1721423798"",""large"":""https://cards.scryfall.io/large/front/e/d/ed77def5-ac92-4907-805d-261cae0db357.jpg?1721423798"",""png"":""https://cards.scryfall.io/png/front/e/d/ed77def5-ac92-4907-805d-261cae0db357.png?1721423798"",""art_crop"":""https://cards.scryfall.io/art_crop/front/e/d/ed77def5-ac92-4907-805d-261cae0db357.jpg?1721423798"",""border_crop"":""https://cards.scryfall.io/border_crop/front/e/d/ed77def5-ac92-4907-805d-261cae0db357.jpg?1721423798""},""mana_cost"":""{2}{B}"",""cmc"":3,""type_line"":""Enchantment — Saga"",""oracle_text"":""(As this Saga enters and after your draw step, add a lore counter. Sacrifice after III.)
I — Destroy target tapped creature an opponent controls.
II — Whenever an Assassin you control attacks this turn, put a +1/+1 counter on it.
III — Return target Assassin creature card from your graveyard to the battlefield with an additional +1/+1 counter on it."",""colors"":[""B""],""color_identity"":[""B""],""keywords"":[],""legalities"":{""standard"":""not_legal"",""future"":""not_legal"",""historic"":""not_legal"",""timeless"":""not_legal"",""gladiator"":""not_legal"",""pioneer"":""not_legal"",""modern"":""legal"",""legacy"":""legal"",""pauper"":""not_legal"",""vintage"":""legal"",""penny"":""not_legal"",""commander"":""legal"",""oathbreaker"":""legal"",""standardbrawl"":""not_legal"",""brawl"":""not_legal"",""alchemy"":""not_legal"",""paupercommander"":""not_legal"",""duel"":""legal"",""oldschool"":""not_legal"",""premodern"":""not_legal"",""predh"":""not_legal"",""tlr"":""legal""},""games"":[""paper"",""mtgo""],""reserved"":false,""game_changer"":false,""foil"":true,""nonfoil"":true,""finishes"":[""nonfoil"",""foil""],""oversized"":false,""promo"":false,""reprint"":false,""variation"":false,""set_id"":""54b67b0b-cd3f-4e0d-ac25-fef5d966409b"",""set"":""acr"",""set_name"":""Assassin's Creed"",""set_type"":""draft_innovation"",""set_uri"":""https://api.scryfall.com/sets/54b67b0b-cd3f-4e0d-ac25-fef5d966409b"",""set_search_uri"":""https://api.scryfall.com/cards/search?order=set&q=e%3Aacr&unique=prints"",""scryfall_set_uri"":""https://scryfall.com/sets/acr?utm_source=api"",""rulings_uri"":""https://api.scryfall.com/cards/ed77def5-ac92-4907-805d-261cae0db357/rulings"",""prints_search_uri"":""https://api.scryfall.com/cards/search?order=released&q=oracleid%3Ac7fe1f05-f412-4991-98bd-f6a4b8b62501&unique=prints"",""collector_number"":""31"",""digital"":false,""rarity"":""uncommon"",""card_back_id"":""0aeebaf5-8c7d-4636-9e82-8c27447861f7"",""artist"":""Lixin Yin"",""artist_ids"":[""25645c87-71be-400b-8522-618a52c37454""],""illustration_id"":""67c909d1-27f1-4445-98f4-9a9efb919b94"",""border_color"":""black"",""frame"":""2015"",""security_stamp"":""triangle"",""full_art"":false,""textless"":false,""booster"":true,""story_spotlight"":false,""promo_types"":[""universesbeyond""],""edhrec_rank"":8044,""prices"":{""usd"":""0.23"",""usd_foil"":""0.26"",""usd_etched"":null,""eur"":""0.16"",""eur_foil"":""0.21"",""tix"":""1.35""},""related_uris"":{""gatherer"":""https://gatherer.wizards.com/Pages/Card/Details.aspx?multiverseid=667621&printed=false"",""tcgplayer_infinite_articles"":""https://partner.tcgplayer.com/c/4931599/1830156/21018?subId1=api&trafcat=tcgplayer.com%2Fsearch%2Farticles&u=https%3A%2F%2Fwww.tcgplayer.com%2Fsearch%2Farticles%3FproductLineName%3Dmagic%26q%3DThe%2BRevelations%2Bof%2BEzio"",""tcgplayer_infinite_decks"":""https://partner.tcgplayer.com/c/4931599/1830156/21018?subId1=api&trafcat=tcgplayer.com%2Fsearch%2Fdecks&u=https%3A%2F%2Fwww.tcgplayer.com%2Fsearch%2Fdecks%3FproductLineName%3Dmagic%26q%3DThe%2BRevelations%2Bof%2BEzio"",""edhrec"":""https://edhrec.com/route/?cc=The+Revelations+of+Ezio""},""purchase_uris"":{""tcgplayer"":""https://partner.tcgplayer.com/c/4931599/1830156/21018?subId1=api&u=https%3A%2F%2Fwww.tcgplayer.com%2Fproduct%2F555852%3Fpage%3D1"",""cardmarket"":""https://www.cardmarket.com/en/Magic/Products?idProduct=774634&referrer=scryfall&utm_campaign=card_prices&utm_medium=text&utm_source=scryfall"",""cardhoarder"":""https://www.cardhoarder.com/cards/128028?affiliate_id=scryfall&ref=card-profile&utm_campaign=affiliate&utm_medium=card&utm_source=scryfall""}}}",ed77def5-ac92-4907-805d-261cae0db357,scryfall_id,needs_review,Duplicate name review: The Revelations of Ezio appears as 2 owned copies/prints in batch-001. Commander variants should use only one nonbasic copy; the binder preserves every owned print. Flagged by the Signs of Assassins import for duplicate-name or color-identity review.,,,,scryfall,0.23,,,0.26,USD,scryfall,2026-06-08T03:26:22.014Z,batch-001;assassin;commander;mardu;manabox;signs-of-assassins;graveyard;removal;recursion;combat;finisher;duplicate-name-review;flagged;review-queue,"Signs of Assassins roles: assassin, graveyard, removal, recursion, combat, finisher.",,true,,,,,
